source1_entity_id	candidate_entity_ids
S1-755362802	S2-615967906,S2-639257739,S2-202057528,S2-978126813,S2-584977605,S3-960981775,S3-53737228,S3-783004558,S3-755888332,S3-32805948,S2-166376419,S3-128062172,S2-277444929,S2-91305348,S3-45067784,S2-684635925,S2-508602797,S3-726575561,S2-49714549,S3-256812623,S3-298996001,S3-878295053,S3-725749046,S2-653150968,S3-230314480,S2-428899461,S2-879667609,S3-575167920,S3-554084947,S3-572363539,S3-397850436,S2-763108962,S3-859268022,S3-776815069,S2-566688803
S1-785847572	S3-755888332,S2-684635925,S3-53737228,S2-978126813,S2-639257739,S3-230314480,S3-776815069,S2-508602797,S3-128062172,S2-615967906,S3-45067784,S3-859268022,S2-91305348,S2-763108962,S2-428899461,S3-298996001,S3-575167920,S3-32805948,S3-256812623,S2-49714549,S3-725749046,S3-960981775,S2-277444929,S3-783004558,S2-166376419,S3-554084947,S2-879667609,S2-202057528,S2-584977605,S3-572363539,S2-653150968,S3-397850436,S3-586800406,S3-726575561,S3-878295053
S1-564729135	S3-960981775,S2-508602797,S3-32805948,S2-202057528,S2-684635925,S2-639257739,S3-726575561,S2-615967906,S2-277444929,S2-978126813,S3-128062172,S3-755888332,S2-653150968,S2-49714549,S3-554084947,S2-428899461,S2-91305348,S3-230314480,S2-879667609,S3-783004558,S3-45067784,S2-763108962,S3-256812623,S3-776815069,S2-584977605,S3-298996001,S3-53737228,S3-572363539,S3-725749046,S3-878295053,S3-575167920,S2-166376419,S2-566688803,S3-397850436,S3-586800406
S1-82053739	S3-53737228,S3-755888332,S2-684635925,S2-639257739,S2-978126813,S2-615967906,S3-32805948,S2-49714549,S2-277444929,S2-508602797,S3-776815069,S3-128062172,S2-763108962,S3-256812623,S3-726575561,S3-230314480,S3-298996001,S2-584977605,S3-783004558,S2-879667609,S3-725749046,S2-91305348,S3-554084947,S3-45067784,S2-202057528,S3-960981775,S2-428899461,S3-575167920,S2-166376419,S3-878295053,S3-572363539,S2-566688803,S2-653150968,S3-859268022,S3-397850436
S1-221443075	S2-978126813,S2-639257739,S2-508602797,S3-755888332,S3-32805948,S3-53737228,S2-584977605,S2-615967906,S3-572363539,S3-783004558,S2-428899461,S2-91305348,S3-45067784,S3-859268022,S3-586800406,S3-554084947,S2-684635925,S2-653150968,S2-166376419,S2-49714549,S3-128062172,S2-879667609,S2-202057528,S3-776815069,S3-960981775,S2-277444929,S3-298996001,S2-763108962,S3-256812623,S3-575167920,S3-230314480,S3-725749046,S3-397850436,S3-726575561,S3-878295053
S1-341506266	S3-554084947,S2-615967906,S2-653150968,S2-639257739,S3-128062172,S2-978126813,S3-298996001,S3-32805948,S2-508602797,S2-277444929,S3-726575561,S2-584977605,S3-878295053,S3-45067784,S3-783004558,S2-91305348,S2-49714549,S2-879667609,S3-256812623,S2-763108962,S3-725749046,S3-572363539,S3-776815069,S2-202057528,S3-755888332,S3-53737228,S3-960981775,S3-575167920,S2-428899461,S2-566688803,S2-684635925,S3-230314480,S2-166376419,S3-397850436,S3-586800406
S1-597762257	S3-726575561,S2-763108962,S3-960981775,S3-298996001,S3-725749046,S3-256812623,S2-166376419,S2-49714549,S2-428899461,S2-508602797,S3-554084947,S2-202057528,S3-230314480,S3-572363539,S2-639257739,S2-879667609,S3-32805948,S2-277444929,S2-978126813,S2-615967906,S2-584977605,S2-684635925,S2-91305348,S3-755888332,S2-566688803,S3-575167920,S3-128062172,S2-653150968,S3-878295053,S3-45067784,S3-776815069,S3-53737228,S3-586800406,S3-859268022,S3-397850436
S1-716574008	S3-128062172,S3-32805948,S2-202057528,S3-298996001,S2-615967906,S3-878295053,S3-45067784,S2-49714549,S3-755888332,S2-978126813,S2-277444929,S3-725749046,S2-879667609,S2-166376419,S2-639257739,S3-726575561,S2-428899461,S2-508602797,S2-584977605,S3-53737228,S3-783004558,S3-960981775,S2-91305348,S3-230314480,S3-554084947,S2-653150968,S3-256812623,S2-684635925,S3-575167920,S3-572363539,S2-763108962,S3-776815069,S3-397850436,S3-859268022,S2-566688803
S1-981440385	S3-32805948,S2-508602797,S2-639257739,S2-202057528,S2-978126813,S2-49714549,S2-615967906,S3-726575561,S2-277444929,S3-755888332,S3-878295053,S3-554084947,S3-960981775,S3-45067784,S3-128062172,S2-653150968,S3-298996001,S2-684635925,S3-725749046,S2-584977605,S2-428899461,S2-879667609,S2-91305348,S3-256812623,S3-230314480,S3-575167920,S3-53737228,S2-763108962,S3-776815069,S3-783004558,S2-166376419,S3-572363539,S3-586800406,S2-566688803,S3-397850436
S1-791217329	S3-298996001,S3-725749046,S2-615967906,S2-639257739,S2-978126813,S2-508602797,S2-584977605,S3-128062172,S2-49714549,S3-32805948,S3-53737228,S3-726575561,S3-256812623,S3-783004558,S2-428899461,S2-763108962,S2-879667609,S2-277444929,S3-554084947,S2-91305348,S3-572363539,S2-202057528,S3-878295053,S3-960981775,S3-776815069,S3-45067784,S2-653150968,S3-755888332,S3-397850436,S2-684635925,S3-230314480,S2-166376419,S2-566688803,S3-586800406,S3-575167920
S1-982210261	S2-639257739,S3-755888332,S2-684635925,S3-53737228,S2-978126813,S3-128062172,S3-776815069,S2-49714549,S2-508602797,S3-32805948,S2-615967906,S2-277444929,S3-726575561,S2-763108962,S3-230314480,S2-202057528,S3-554084947,S3-783004558,S3-45067784,S2-879667609,S3-298996001,S2-428899461,S3-725749046,S3-256812623,S3-575167920,S3-878295053,S2-584977605,S3-960981775,S2-653150968,S3-572363539,S2-166376419,S2-91305348,S3-586800406,S2-566688803,S3-859268022
S1-145829425	S3-53737228,S2-615967906,S3-298996001,S3-755888332,S2-639257739,S2-684635925,S2-978126813,S2-508602797,S3-776815069,S2-277444929,S2-763108962,S3-230314480,S3-554084947,S3-572363539,S2-49714549,S2-166376419,S3-783004558,S3-32805948,S2-202057528,S3-726575561,S3-128062172,S3-725749046,S3-256812623,S3-960981775,S2-584977605,S2-91305348,S3-575167920,S2-428899461,S2-879667609,S2-653150968,S2-566688803,S3-878295053,S3-45067784,S3-859268022,S3-586800406
S1-151608539	S2-978126813,S3-755888332,S3-32805948,S2-639257739,S2-508602797,S2-615967906,S3-45067784,S3-128062172,S2-684635925,S2-584977605,S3-554084947,S2-879667609,S3-726575561,S2-653150968,S3-53737228,S2-49714549,S3-776815069,S2-202057528,S3-960981775,S2-277444929,S3-725749046,S3-572363539,S2-91305348,S3-783004558,S3-298996001,S3-878295053,S2-428899461,S2-763108962,S3-256812623,S3-230314480,S2-566688803,S3-575167920,S3-397850436,S2-166376419,S3-859268022
S1-855787505	S3-256812623,S2-615967906,S2-49714549,S3-726575561,S2-508602797,S3-554084947,S3-776815069,S2-978126813,S3-755888332,S3-725749046,S3-32805948,S2-428899461,S2-763108962,S2-639257739,S2-879667609,S3-298996001,S2-653150968,S3-128062172,S3-230314480,S3-960981775,S2-91305348,S2-277444929,S3-783004558,S3-572363539,S2-584977605,S2-166376419,S2-202057528,S3-53737228,S2-684635925,S3-575167920,S2-566688803,S3-878295053,S3-859268022,S3-45067784,S3-397850436
S1-277072715	S2-615967906,S3-128062172,S2-639257739,S3-755888332,S2-584977605,S3-53737228,S2-978126813,S2-508602797,S2-49714549,S3-726575561,S3-32805948,S2-684635925,S3-776815069,S3-298996001,S2-91305348,S3-45067784,S3-783004558,S3-575167920,S2-202057528,S2-428899461,S2-277444929,S3-554084947,S3-960981775,S3-230314480,S2-166376419,S2-763108962,S2-879667609,S2-566688803,S2-653150968,S3-572363539,S3-256812623,S3-725749046,S3-878295053,S3-397850436,S3-859268022
S1-269656551	S3-554084947,S2-91305348,S2-615967906,S3-32805948,S2-978126813,S2-277444929,S3-128062172,S3-725749046,S3-298996001,S3-755888332,S2-639257739,S2-508602797,S3-53737228,S2-202057528,S2-49714549,S2-584977605,S2-684635925,S3-726575561,S3-45067784,S3-960981775,S2-166376419,S2-428899461,S3-256812623,S2-763108962,S3-572363539,S2-653150968,S2-879667609,S3-575167920,S3-783004558,S3-776815069,S3-230314480,S3-878295053,S2-566688803,S3-859268022,S3-586800406
S1-925783039	S2-415733261,S2-294835210,S2-69394310,S3-171901473,S3-671162755,S3-551148968,S3-973629095,S3-578159284,S3-90100170,S3-331103166,S2-944853638,S2-208005980,S2-332014708,S2-414418413,S3-159562080,S2-669879950,S3-807500071,S3-121412624,S2-764573417,S2-634015823,S2-795141272,S3-822866561,S2-138046867,S2-912941112,S3-160217003,S2-378707035,S2-838526909,S2-836840386,S3-202863386,S3-181819854,S2-125007797,S3-249416830,S3-190231775,S2-953098128,S2-647437327
S1-773889195	S2-208005980,S3-323153716,S3-973629095,S2-69394310,S2-838526909,S2-912941112,S2-332014708,S3-121412624,S2-294835210,S3-171901473,S2-953098128,S2-526991413,S2-257885603,S2-669879950,S3-249416830,S2-378707035,S2-511731036,S3-16693061,S3-331103166,S2-138046867,S3-90100170,S2-414418413,S2-634015823,S2-721031885,S3-202863386,S2-836840386,S3-807500071,S2-795141272,S3-22467283,S3-159562080,S2-54307441,S3-476778426,S2-163963287,S2-49942811,S3-566665563
S1-377745466	S3-171901473,S3-326049086,S2-133664209,S2-414418413,S3-160217003,S3-331103166,S3-190231775,S3-159562080,S3-249416830,S2-294835210,S2-138046867,S2-912941112,S3-22467283,S2-69394310,S2-669879950,S3-973629095,S3-202863386,S2-208005980,S3-121412624,S3-244694796,S2-415733261,S2-721031885,S3-822866561,S2-332014708,S2-944853638,S2-511731036,S3-323153716,S3-315861895,S3-90100170,S2-257885603,S2-49942811,S3-27936464,S3-476778426,S3-181819854,S2-634015823
S1-133037285	S2-526991413,S3-973629095,S2-294835210,S3-90100170,S3-476778426,S3-323153716,S2-912941112,S2-511731036,S3-578159284,S3-159562080,S3-16693061,S2-415733261,S2-133664209,S2-208005980,S2-69394310,S2-669879950,S3-202863386,S2-138046867,S3-807500071,S2-235039028,S3-121412624,S2-764573417,S2-953098128,S3-181819854,S2-838526909,S3-107644605,S2-163963287,S2-868087865,S3-160217003,S3-22467283,S2-378707035,S2-783158461,S2-414418413,S2-647437327,S2-634015823
S1-851869949	S2-69394310,S3-326049086,S3-249416830,S2-332014708,S2-795141272,S3-121412624,S2-414418413,S3-671162755,S3-973629095,S2-836840386,S3-315861895,S2-669879950,S3-822866561,S2-294835210,S2-511731036,S2-526991413,S2-257885603,S2-54307441,S3-181819854,S2-378707035,S3-90100170,S2-208005980,S3-160217003,S3-202863386,S2-138046867,S2-912941112,S3-190231775,S2-838526909,S3-159562080,S3-331103166,S3-323153716,S2-634015823,S3-118652570,S3-16693061,S3-807500071
S1-27541239	S3-973629095,S2-634015823,S3-16693061,S3-181819854,S3-90100170,S2-836840386,S2-69394310,S2-208005980,S3-202863386,S2-511731036,S3-551148968,S2-332014708,S2-294835210,S2-133664209,S2-912941112,S3-323153716,S2-953098128,S3-159562080,S2-257885603,S2-378707035,S3-822866561,S2-526991413,S2-138046867,S3-476778426,S3-244694796,S2-49942811,S3-249416830,S3-807500071,S3-171901473,S3-160217003,S3-22467283,S3-671162755,S3-190231775,S2-721031885,S2-795141272
S1-629417405	S2-69394310,S3-202863386,S3-249416830,S2-133664209,S2-912941112,S3-551148968,S2-838526909,S2-138046867,S2-125007797,S3-171901473,S2-414418413,S3-90100170,S3-315861895,S3-566665563,S3-22467283,S3-107644605,S2-511731036,S2-208005980,S3-973629095,S2-868087865,S2-294835210,S3-160217003,S2-332014708,S2-795141272,S3-323153716,S2-669879950,S3-875583147,S3-807500071,S3-159562080,S3-331103166,S3-822866561,S2-634015823,S3-181819854,S3-118652570,S3-121412624
S1-22305073	S2-673704658,S2-73037424,S3-875583147,S3-22467283,S3-107644605,S3-249416830,S2-235039028,S2-511731036,S2-783158461,S3-181819854,S3-16693061,S3-315861895,S2-125007797,S2-138046867,S3-551148968,S2-721031885,S3-159562080,S2-294835210,S2-163963287,S2-912941112,S3-973629095,S2-414418413,S2-69394310,S3-118652570,S2-838526909,S3-27936464,S2-795141272,S2-953098128,S2-133664209,S2-634015823,S3-566665563,S3-171901473,S3-578159284,S2-49942811,S3-190231775
S1-504790211	S3-90100170,S2-208005980,S2-721031885,S3-323153716,S3-202863386,S2-69394310,S2-415733261,S2-526991413,S2-414418413,S3-121412624,S2-912941112,S2-838526909,S3-326049086,S2-669879950,S2-647437327,S3-22467283,S2-511731036,S2-163963287,S3-171901473,S3-738829801,S3-973629095,S2-257885603,S2-378707035,S2-836840386,S3-331103166,S2-294835210,S2-40574852,S3-244694796,S2-795141272,S3-476778426,S3-822866561,S2-138046867,S2-634015823,S3-190231775,S3-181819854
S1-236312382	S2-69394310,S3-202863386,S3-566665563,S2-912941112,S3-551148968,S2-125007797,S2-208005980,S3-315861895,S2-138046867,S3-107644605,S3-973629095,S2-133664209,S2-838526909,S3-249416830,S2-294835210,S3-159562080,S2-511731036,S2-332014708,S2-414418413,S2-795141272,S2-868087865,S3-807500071,S3-90100170,S2-257885603,S3-171901473,S3-181819854,S3-875583147,S3-244694796,S2-526991413,S3-323153716,S2-73037424,S3-190231775,S3-671162755,S2-669879950,S3-331103166
S1-865131206	S2-69394310,S2-294835210,S3-90100170,S2-208005980,S2-332014708,S2-511731036,S3-551148968,S3-973629095,S3-323153716,S2-634015823,S2-836840386,S3-181819854,S2-912941112,S3-171901473,S2-133664209,S2-795141272,S2-138046867,S3-249416830,S2-953098128,S2-526991413,S2-414418413,S2-378707035,S3-202863386,S3-121412624,S2-257885603,S3-331103166,S2-721031885,S3-160217003,S2-669879950,S3-22467283,S3-16693061,S2-49942811,S3-822866561,S2-73037424,S3-159562080
S1-626914593	S2-133664209,S2-868087865,S2-257885603,S2-69394310,S2-511731036,S3-90100170,S3-973629095,S2-332014708,S3-249416830,S3-160217003,S2-294835210,S2-912941112,S3-551148968,S3-121412624,S2-54307441,S2-838526909,S2-208005980,S3-326049086,S3-331103166,S2-49942811,S3-202863386,S2-634015823,S3-323153716,S2-669879950,S3-822866561,S3-22467283,S2-526991413,S2-138046867,S3-315861895,S3-171901473,S3-159562080,S2-647437327,S2-721031885,S2-944853638,S3-578159284
S1-765734254	S3-16693061,S3-181819854,S2-235039028,S2-673704658,S3-504183980,S2-378707035,S3-875583147,S2-49942811,S2-73037424,S2-795141272,S2-511731036,S2-669879950,S2-783158461,S2-912941112,S3-973629095,S2-133664209,S2-526991413,S2-294835210,S3-249416830,S3-331103166,S3-807500071,S3-22467283,S3-160217003,S2-163963287,S3-315861895,S3-190231775,S2-414418413,S3-551148968,S3-90100170,S3-107644605,S2-54307441,S3-121412624,S2-138046867,S3-159562080,S2-953098128
S1-309349399	S2-294835210,S3-973629095,S3-807500071,S3-181819854,S2-526991413,S2-912941112,S2-138046867,S2-69394310,S3-90100170,S3-202863386,S2-836840386,S3-578159284,S2-944853638,S2-49942811,S2-634015823,S2-208005980,S3-16693061,S3-160217003,S3-159562080,S2-332014708,S2-378707035,S2-669879950,S3-331103166,S3-551148968,S2-414418413,S3-171901473,S3-822866561,S2-415733261,S2-511731036,S3-121412624,S3-671162755,S3-249416830,S2-257885603,S2-133664209,S2-647437327
S1-990319941	S2-69394310,S3-566665563,S2-868087865,S3-973629095,S3-578159284,S2-138046867,S3-22467283,S2-208005980,S2-415733261,S2-163963287,S2-133664209,S2-912941112,S3-331103166,S2-378707035,S2-669879950,S3-476778426,S2-795141272,S3-107644605,S3-326049086,S2-838526909,S3-551148968,S3-249416830,S3-27936464,S2-511731036,S3-90100170,S2-294835210,S2-332014708,S2-764573417,S2-414418413,S3-118652570,S2-73037424,S2-235039028,S3-323153716,S3-159562080,S2-783158461
S1-661315962	S3-202863386,S3-807500071,S2-912941112,S2-294835210,S3-315861895,S2-138046867,S2-69394310,S3-249416830,S3-90100170,S2-133664209,S3-160217003,S3-323153716,S3-973629095,S2-526991413,S3-107644605,S2-795141272,S2-378707035,S3-159562080,S3-181819854,S2-838526909,S2-669879950,S2-953098128,S2-836840386,S3-578159284,S3-27936464,S2-332014708,S3-822866561,S2-511731036,S3-118652570,S3-121412624,S2-414418413,S2-49942811,S3-671162755,S3-331103166,S3-551148968
S1-985038901	S2-294835210,S2-526991413,S2-669879950,S2-912941112,S2-69394310,S3-90100170,S2-795141272,S2-138046867,S3-121412624,S3-202863386,S3-249416830,S2-208005980,S2-414418413,S3-807500071,S3-181819854,S2-836840386,S3-973629095,S3-551148968,S3-159562080,S3-323153716,S2-647437327,S2-133664209,S2-125007797,S2-378707035,S3-331103166,S2-511731036,S3-822866561,S2-721031885,S2-54307441,S2-332014708,S2-838526909,S3-315861895,S3-16693061,S3-171901473,S3-875583147
S1-404435514	S3-807500071,S2-764573417,S3-159562080,S2-294835210,S2-133664209,S3-181819854,S3-578159284,S3-202863386,S2-647437327,S2-208005980,S3-16693061,S3-90100170,S2-526991413,S2-912941112,S2-511731036,S3-476778426,S2-944853638,S3-973629095,S2-378707035,S3-121412624,S2-836840386,S2-163963287,S3-160217003,S2-838526909,S2-669879950,S2-69394310,S2-953098128,S2-795141272,S2-634015823,S2-49942811,S3-504183980,S3-249416830,S2-721031885,S3-323153716,S3-551148968
S1-252242682	S2-69394310,S3-551148968,S3-90100170,S2-138046867,S2-795141272,S2-125007797,S2-378707035,S2-294835210,S3-171901473,S2-208005980,S3-202863386,S2-414418413,S3-566665563,S2-912941112,S2-133664209,S3-249416830,S2-332014708,S3-159562080,S2-838526909,S3-973629095,S3-107644605,S3-315861895,S3-807500071,S2-526991413,S3-476778426,S2-673704658,S2-669879950,S3-181819854,S2-647437327,S2-868087865,S2-511731036,S3-875583147,S3-160217003,S3-22467283,S3-331103166
S1-883973644	S3-566665563,S3-551148968,S3-107644605,S2-868087865,S2-69394310,S3-315861895,S2-795141272,S2-838526909,S2-125007797,S3-202863386,S3-249416830,S2-133664209,S2-414418413,S3-973629095,S2-138046867,S2-669879950,S2-912941112,S2-526991413,S2-378707035,S3-118652570,S2-208005980,S3-578159284,S3-159562080,S2-511731036,S2-836840386,S3-90100170,S3-160217003,S3-671162755,S2-294835210,S3-323153716,S3-807500071,S2-54307441,S2-49942811,S2-415733261,S3-476778426
S1-17666546	S3-504183980,S3-331103166,S3-159562080,S2-163963287,S3-22467283,S2-912941112,S2-133664209,S3-578159284,S2-235039028,S2-511731036,S2-838526909,S2-944853638,S3-16693061,S3-476778426,S3-326049086,S3-875583147,S3-181819854,S2-868087865,S3-90100170,S3-973629095,S3-202863386,S2-69394310,S2-294835210,S2-401480583,S2-764573417,S2-378707035,S2-647437327,S3-244694796,S2-953098128,S3-249416830,S2-49942811,S3-738829801,S2-414418413,S2-669879950,S3-551148968
S1-513115995	S2-294835210,S3-807500071,S2-69394310,S3-202863386,S2-133664209,S2-912941112,S3-160217003,S3-249416830,S3-90100170,S2-669879950,S2-944853638,S2-795141272,S2-414418413,S2-138046867,S3-171901473,S3-331103166,S2-332014708,S2-526991413,S3-578159284,S3-973629095,S3-159562080,S2-836840386,S3-16693061,S2-838526909,S2-208005980,S2-49942811,S3-323153716,S3-22467283,S3-315861895,S3-875583147,S3-181819854,S2-54307441,S2-378707035,S3-551148968,S3-121412624
S1-602913883	S2-836840386,S2-294835210,S2-49942811,S3-90100170,S3-326049086,S2-332014708,S2-208005980,S2-69394310,S2-54307441,S3-249416830,S2-634015823,S3-160217003,S2-257885603,S3-551148968,S3-121412624,S2-414418413,S3-822866561,S3-476778426,S2-526991413,S2-133664209,S2-868087865,S3-973629095,S3-202863386,S2-511731036,S2-953098128,S3-323153716,S2-138046867,S2-669879950,S3-159562080,S3-331103166,S3-181819854,S2-647437327,S2-125007797,S2-912941112,S2-944853638
S1-401372098	S2-69394310,S2-294835210,S3-973629095,S3-202863386,S3-249416830,S3-90100170,S2-912941112,S2-208005980,S2-138046867,S2-838526909,S2-669879950,S2-49942811,S2-332014708,S2-511731036,S2-414418413,S3-160217003,S3-107644605,S2-133664209,S2-795141272,S3-22467283,S3-323153716,S2-257885603,S3-476778426,S2-836840386,S3-121412624,S2-526991413,S2-634015823,S3-171901473,S3-551148968,S2-378707035,S2-953098128,S3-159562080,S3-331103166,S3-807500071,S3-181819854
S1-796227187	S3-973629095,S3-181819854,S3-90100170,S2-378707035,S3-875583147,S3-160217003,S3-16693061,S2-133664209,S3-504183980,S3-578159284,S2-912941112,S2-49942811,S2-69394310,S2-138046867,S2-838526909,S3-315861895,S2-511731036,S2-953098128,S3-326049086,S3-807500071,S2-294835210,S3-331103166,S2-795141272,S3-159562080,S2-257885603,S2-647437327,S2-415733261,S3-27936464,S3-121412624,S2-332014708,S2-836840386,S3-202863386,S3-249416830,S2-163963287,S2-634015823
S1-945437722	S2-69394310,S3-973629095,S3-578159284,S2-294835210,S2-378707035,S2-836840386,S2-526991413,S2-208005980,S2-634015823,S2-912941112,S3-90100170,S2-838526909,S3-16693061,S3-160217003,S2-511731036,S2-163963287,S2-868087865,S2-133664209,S2-138046867,S2-647437327,S2-414418413,S3-181819854,S3-159562080,S2-669879950,S3-27936464,S3-807500071,S3-331103166,S3-202863386,S2-953098128,S3-323153716,S2-125007797,S3-551148968,S2-257885603,S2-795141272,S2-415733261
S1-976369483	S2-294835210,S3-181819854,S2-69394310,S3-249416830,S3-90100170,S2-673704658,S2-73037424,S3-160217003,S2-208005980,S3-973629095,S2-669879950,S2-332014708,S2-235039028,S3-331103166,S3-16693061,S2-414418413,S2-912941112,S2-138046867,S3-171901473,S3-807500071,S3-22467283,S3-551148968,S2-795141272,S2-511731036,S3-121412624,S2-378707035,S2-526991413,S3-202863386,S3-159562080,S2-49942811,S2-721031885,S3-875583147,S2-783158461,S3-671162755,S2-54307441
S1-370715897	S2-73037424,S2-235039028,S3-181819854,S2-69394310,S3-16693061,S3-875583147,S3-973629095,S2-673704658,S3-551148968,S2-294835210,S2-511731036,S2-378707035,S2-795141272,S2-208005980,S2-669879950,S2-912941112,S2-332014708,S2-125007797,S3-331103166,S3-22467283,S2-783158461,S2-415733261,S3-202863386,S2-526991413,S3-249416830,S3-315861895,S3-90100170,S2-133664209,S2-953098128,S2-414418413,S2-838526909,S3-566665563,S2-138046867,S3-159562080,S3-107644605
S1-27029362	S2-526991413,S3-202863386,S3-315861895,S3-973629095,S2-912941112,S3-323153716,S3-331103166,S2-235039028,S2-69394310,S2-294835210,S3-181819854,S2-414418413,S3-160217003,S3-121412624,S2-783158461,S2-415733261,S2-138046867,S3-22467283,S3-476778426,S2-669879950,S2-838526909,S3-16693061,S3-159562080,S3-326049086,S3-27936464,S2-511731036,S3-90100170,S2-208005980,S2-163963287,S3-578159284,S2-54307441,S3-551148968,S3-875583147,S3-738829801,S2-49942811
S1-993527714	S3-249416830,S2-868087865,S3-107644605,S3-118652570,S2-838526909,S2-138046867,S2-669879950,S3-202863386,S3-476778426,S3-90100170,S2-125007797,S2-294835210,S2-912941112,S3-807500071,S3-578159284,S2-69394310,S2-133664209,S3-315861895,S3-159562080,S3-566665563,S2-836840386,S2-414418413,S2-378707035,S3-875583147,S2-795141272,S2-54307441,S3-504183980,S3-551148968,S2-511731036,S2-208005980,S3-22467283,S3-323153716,S3-973629095,S2-953098128,S3-171901473
S1-965555167	S3-190231775,S2-378707035,S2-795141272,S2-69394310,S2-208005980,S2-414418413,S3-822866561,S3-671162755,S2-138046867,S2-125007797,S2-294835210,S3-973629095,S3-578159284,S2-511731036,S2-526991413,S2-415733261,S3-326049086,S2-912941112,S3-159562080,S2-836840386,S2-634015823,S3-90100170,S3-807500071,S3-171901473,S2-647437327,S3-202863386,S2-163963287,S2-669879950,S2-953098128,S3-22467283,S3-566665563,S3-331103166,S2-54307441,S2-49942811,S3-118652570
S1-714672596	S2-69394310,S3-90100170,S3-875583147,S3-171901473,S2-138046867,S3-315861895,S3-181819854,S2-838526909,S3-578159284,S3-121412624,S3-326049086,S2-912941112,S3-160217003,S2-669879950,S2-294835210,S3-249416830,S2-332014708,S3-807500071,S2-257885603,S3-202863386,S2-795141272,S2-378707035,S2-208005980,S2-647437327,S3-27936464,S2-953098128,S3-331103166,S2-125007797,S3-476778426,S2-133664209,S3-973629095,S2-944853638,S2-414418413,S2-49942811,S3-822866561
S1-134898809	S3-551148968,S2-69394310,S3-875583147,S2-73037424,S2-138046867,S2-673704658,S3-973629095,S3-90100170,S3-331103166,S2-133664209,S2-294835210,S2-208005980,S2-912941112,S3-202863386,S2-511731036,S3-16693061,S2-235039028,S2-414418413,S3-323153716,S3-22467283,S3-181819854,S2-634015823,S2-526991413,S3-476778426,S2-669879950,S3-249416830,S2-415733261,S3-171901473,S3-190231775,S2-163963287,S3-160217003,S2-795141272,S2-868087865,S3-504183980,S2-953098128
S1-500841209	S2-208005980,S2-944853638,S2-332014708,S3-90100170,S3-578159284,S2-294835210,S2-69394310,S2-511731036,S3-326049086,S3-181819854,S2-378707035,S2-836840386,S3-121412624,S3-160217003,S3-159562080,S2-721031885,S3-973629095,S2-634015823,S2-795141272,S3-807500071,S2-838526909,S2-49942811,S3-476778426,S2-912941112,S2-526991413,S3-331103166,S3-202863386,S3-249416830,S3-16693061,S3-323153716,S2-40574852,S2-257885603,S2-138046867,S2-414418413,S3-27936464
